user_id,user_email,user_registration_dt,user_city,client_id
1425,anilidic1822@outlook.com,2020-06-23,Екатеринбург,1120163048-362459827
1429,bornagain1847@gmail.com,2020-08-15,Санкт-Петербург,830333202-483914880
1434,engluts2049@yahoo.com,2020-03-07,Новосибирск,28897314-329863990
1436,hedgehog2019@live.com,2020-09-04,Москва,1238119072-242362229
1439,chinook1914@yahoo.com,2020-06-29,Москва,977210465-54763416
1443,snakemouths1913@outlook.com,2020-01-22,Москва,1173856053-102092985
1446,metaluminic1838@gmail.com,2020-02-14,Екатеринбург,704990561-1223736114
1451,guidage1946@yahoo.com,2020-07-01,Москва,921379771-1264690045
1453,carambole2027@outlook.com,2020-11-23,Москва,880071473-301964486
1456,syed1827@outlook.com,2020-02-29,Самара,138964270-1288087407
1460,climbed1855@protonmail.com,2020-03-06,Санкт-Петербург,138964270-1288087407
1465,externity1945@gmail.com,2020-03-12,Санкт-Петербург,138964270-1288087407
1469,larcenies1978@live.com,2021-01-03,Санкт-Петербург,1671120003-67158086
1474,arles1838@gmail.com,2020-02-03,Москва,1100168614-183123230
1477,blaze2060@protonmail.com,2020-12-01,Омск,994884616-1542585168
1482,thumps2055@gmail.com,2020-12-07,Омск,994884616-1542585168
1486,socked1859@live.com,2020-02-13,Москва,1738998012-983347486
1494,headsmen2057@protonmail.com,2020-12-19,Москва,428280330-1978727448
1497,designers1919@outlook.com,2020-01-16,Москва,662349354-303635176
1501,unniceness2032@yahoo.com,2020-06-10,Москва,396923796-2010190019
1506,crista2005@outlook.com,2020-08-01,Санкт-Петербург,222937159-268586136
1510,ballsy1949@yandex.com,2020-01-21,Казань,469942824-354775299
1511,arylate1988@outlook.com,2020-05-17,Москва,358580626-1983789785
1515,wingy1831@outlook.com,2020-09-20,Москва,452852580-1046060999
1519,apodeictical1922@yandex.com,2020-09-12,Москва,796501343-270247722
1524,hypoergic2022@protonmail.com,2020-09-13,Омск,796501343-270247722
1528,jacanas1903@yahoo.com,2020-05-09,Новосибирск,1187163719-46523914
1530,milliweber2015@yahoo.com,2020-05-30,Новосибирск,1190192886-1221639220
1531,spiritually1937@gmail.com,2020-05-09,Ростов-на-Дону,1117544244-257159253
1533,adamant2032@yahoo.com,2020-01-20,Москва,1884408493-2138059121
1536,fettuccine1886@yahoo.com,2020-07-31,Челябинск,91490093-1408602947
1538,protrusile1899@protonmail.com,2020-07-05,Москва,1876208458-898625022
1540,exophasic1837@yandex.com,2020-03-13,Москва,673803029-20689057
1544,stele2040@yandex.com,2020-03-31,Санкт-Петербург,1279355983-1055932011
1549,kentrogon2015@yahoo.com,2020-04-02,Москва,1279355983-1055932011
1554,animations2024@live.com,2020-04-27,Москва,1865042589-1755215372
1555,aphotic1957@gmail.com,2020-05-10,Москва,2042074946-1296792467
1557,inequality1904@gmail.com,2020-10-20,Новосибирск,1967862592-32713806
1557,earrings2066@live.com,2020-02-28,Новосибирск,850209502-1579267085
1559,antiquarian1956@yahoo.com,2020-04-25,Челябинск,872102418-551881055
1559,ticky2037@yandex.com,2020-06-16,Нижний Новгород,1987345485-1323633392
1562,aceology2055@live.com,2020-03-28,Москва,529303982-1765789331
1565,wimple2054@live.com,2020-05-08,Санкт-Петербург,1019576801-16359820
1566,egret1905@yahoo.com,2020-08-16,Санкт-Петербург,2110440560-453537054
1569,sylvin1852@yahoo.com,2020-08-21,Новосибирск,2110440560-453537054
1569,superstardom2026@outlook.com,2020-02-23,Москва,59334909-498554883
1569,californicus2050@yandex.com,2020-11-11,Москва,1847838818-1199406371
1569,draughtsman1853@outlook.com,2020-06-22,Нижний Новгород,147355083-455143380
1575,animated1825@outlook.com,2020-07-01,Казань,147355083-455143380
1578,nonslipping2019@protonmail.com,2020-03-19,Москва,311909650-529098344
1579,awave1921@live.com,2020-06-13,Нижний Новгород,1152409940-1836581377
1580,copyist2045@live.com,2020-06-11,Челябинск,940729206-1890828878
1581,overspeculation1986@live.com,2020-12-18,Москва,2027368573-1415663212
1585,vedism1810@yandex.com,2020-05-22,Москва,1333386270-991228623
1591,zoroaster1912@gmail.com,2020-05-24,Москва,1333386270-991228623
1591,koala1905@gmail.com,2020-12-27,Москва,1961333994-163745030
1592,chichi1961@live.com,2020-05-31,Екатеринбург,183058834-1637062808
1599,strutting1946@live.com,2020-04-25,Москва,1305517696-680343258
1603,breeds1965@protonmail.com,2020-03-08,Москва,1367319483-1578091329
1606,unalimentative1821@protonmail.com,2020-08-28,Санкт-Петербург,64475862-154252568
1611,paleichthyology1995@yahoo.com,2020-09-01,Москва,64475862-154252568
1615,newborns1839@live.com,2020-01-15,Казань,561533175-2057452170
1616,pouncing2008@gmail.com,2020-10-25,Новосибирск,39788697-92475248
1619,exegete2055@live.com,2020-11-26,Москва,2133588097-588768443
1623,burdensomely2060@protonmail.com,2020-04-18,Москва,1946638900-208268620
1627,unrooted2033@gmail.com,2020-08-27,Ростов-на-Дону,486795015-381885558
1630,adorer1832@yahoo.com,2020-07-28,Ростов-на-Дону,985145410-136191781
1634,intrigued1893@yandex.com,2020-07-30,Санкт-Петербург,985145410-136191781
1635,trytophan1935@live.com,2020-04-12,Москва,751185414-1106711757
1638,homeothermic1854@protonmail.com,2020-07-27,Москва,339626099-1249548575
1641,effectible2030@outlook.com,2020-09-04,Санкт-Петербург,658802938-1278016389
1642,preprudently1835@live.com,2020-01-31,Москва,1989847547-1387397192
1647,dashed1922@protonmail.com,2020-09-30,Самара,1845573027-288399167
1650,arctalian1935@outlook.com,2020-03-15,Москва,99876970-797005878
1654,regularity1804@protonmail.com,2020-08-22,Казань,1947163627-778910123
1654,vandalic1892@protonmail.com,2020-07-14,Новосибирск,1836024236-1870749521
1656,scurry2000@yandex.com,2020-05-01,Нижний Новгород,938695778-43263850
1660,castell1849@gmail.com,2020-10-12,Санкт-Петербург,961224010-508516682
1660,sgraffito1979@gmail.com,2020-10-09,Нижний Новгород,1565624977-532669460
1662,sillago1974@gmail.com,2020-12-27,Москва,981942986-238914252
1662,tafia1960@outlook.com,2020-02-10,Москва,985102683-968208252
1663,phthalein1809@outlook.com,2020-06-29,Москва,791571247-1753200258
1665,evacuator1840@gmail.com,2020-01-19,Москва,493328256-417097923
1666,parallelized2013@live.com,2020-09-01,Москва,387181580-1802143984
1671,toruloid1840@yandex.com,2020-08-03,Москва,1262449181-1582689870
1672,flattop1906@yandex.com,2020-09-08,Екатеринбург,60590688-1685023873
1677,chaudhry1954@gmail.com,2020-04-01,Нижний Новгород,475481681-1397640775
1679,belissa1933@yahoo.com,2020-04-15,Новосибирск,2004188863-951028069
1680,arrogant1926@gmail.com,2020-12-05,Санкт-Петербург,1604523493-587738918
1683,lactim2031@yandex.com,2020-12-10,Санкт-Петербург,1604523493-587738918
1688,memoir1840@live.com,2020-09-21,Екатеринбург,1676516420-853858606
1692,fagottino1947@protonmail.com,2020-09-04,Екатеринбург,1013370260-1242080948
1694,boatly1986@yahoo.com,2020-07-10,Казань,1170288992-237203525
1697,glioma1965@live.com,2020-02-16,Самара,93214902-908545705
1698,darrack1841@live.com,2020-11-26,Москва,124839619-871965642
1703,schnecken2042@outlook.com,2020-03-24,Нижний Новгород,1236316163-1554120511
1704,adoptable1833@live.com,2020-10-19,Москва,1448068462-559824495
1708,gulonic2000@gmail.com,2020-07-17,Москва,2112847972-670710594
1713,mandrill1946@gmail.com,2020-07-17,Екатеринбург,2112847972-670710594
1715,paterero2044@gmail.com,2020-12-28,Москва,1992123157-596277419
1719,breeds1805@yandex.com,2020-11-10,Нижний Новгород,325820062-1805287340
1724,bouse2038@gmail.com,2020-12-15,Самара,533373123-952945716
1727,empress1868@protonmail.com,2020-08-04,Нижний Новгород,2056403969-1749648977
1728,eupeptically2018@protonmail.com,2020-05-07,Санкт-Петербург,1505658319-232006040
1733,fogger2070@live.com,2020-11-15,Санкт-Петербург,1197048955-1843515301
1737,ludicrous2022@gmail.com,2020-04-28,Екатеринбург,271265865-1671959655
1740,brainwork1963@live.com,2020-11-24,Москва,116363488-261388716
1747,bloodsports1925@yahoo.com,2020-10-08,Москва,1352362758-396422802
1750,pentachenium1960@gmail.com,2020-08-27,Москва,710657259-320789802
1750,enterocoele2035@yandex.com,2020-09-19,Казань,263564032-2045225647
1754,boreades1879@gmail.com,2020-09-27,Москва,263564032-2045225647
1755,expansible1927@live.com,2020-05-22,Самара,2019815961-1814356721
1758,drover1928@yahoo.com,2020-10-19,Омск,2081330907-1152836111
1762,myelopathy1945@live.com,2020-11-11,Ростов-на-Дону,2089910855-468177318
1762,annalisa1933@yandex.com,2020-07-10,Москва,875259838-510230342
1766,ditto1927@yahoo.com,2020-09-25,Омск,1815611596-889322205
1772,anterograde1851@live.com,2020-10-02,Челябинск,72893575-29454677
1776,eidetic1837@yahoo.com,2020-07-28,Казань,2122675424-1064191463
1777,grudge1925@yahoo.com,2020-10-28,Омск,505596104-909495692
1779,arcane1978@live.com,2020-09-28,Ростов-на-Дону,652725117-1481664145
1782,partridge1889@protonmail.com,2020-06-19,Санкт-Петербург,1362004204-712218457
1784,counts1810@live.com,2020-05-03,Москва,75447338-420183144
1786,brigandine1815@yahoo.com,2020-07-24,Санкт-Петербург,683184102-778662548
1787,churchill1885@protonmail.com,2020-01-05,Екатеринбург,674055704-1842651448
1791,caking1930@yahoo.com,2020-06-15,Санкт-Петербург,1217994223-1392786501
1796,iguana2051@yahoo.com,2020-04-15,Ростов-на-Дону,184721475-1100287209
1797,bosset1841@yandex.com,2020-09-07,Санкт-Петербург,1505436844-1572685955
1799,explorers1914@gmail.com,2020-10-26,Екатеринбург,1670445913-1583902289
1803,heathrman1830@live.com,2020-05-08,Санкт-Петербург,1485156901-153667716
1805,caplin1859@outlook.com,2020-06-09,Омск,649796571-172410456
1809,curvilinear1925@outlook.com,2020-10-20,Новосибирск,1873013094-639741443
1815,cichlid1910@outlook.com,2020-08-11,Москва,2133173939-380580041
1817,convected1885@outlook.com,2020-08-06,Москва,475370054-398320806
1820,severality1862@gmail.com,2020-04-10,Москва,1179923315-1820535744
1823,adventuring1917@gmail.com,2020-06-20,Санкт-Петербург,447379341-1546304164
1827,ventages1857@yandex.com,2020-03-16,Москва,503768405-1137276435
1833,fortuneteller1971@live.com,2020-08-11,Москва,1362420534-861122106
1833,snails1828@live.com,2020-04-07,Москва,1339515260-422160537
1839,drier1807@live.com,2020-02-20,Москва,1264664507-686575227
1843,phytosauria1803@yandex.com,2020-12-17,Москва,196126258-700263126
1847,deaved1840@yahoo.com,2020-12-11,Санкт-Петербург,771431112-2023065775
1850,eightsmen1876@gmail.com,2020-11-13,Нижний Новгород,292646436-1148221224
1855,toelike1826@live.com,2020-06-25,Москва,1997943291-960077097
1857,berkowitz1872@yahoo.com,2020-01-29,Ростов-на-Дону,1539961666-697779212
1859,ayukawa1837@gmail.com,2020-06-01,Санкт-Петербург,50731382-212929486
1862,anionics1846@live.com,2020-08-14,Москва,1303286785-1168990370
1862,blandishingly1949@yandex.com,2020-08-27,Челябинск,993954573-1710227510
1863,ineradicability1847@gmail.com,2020-02-03,Москва,1216782462-1408055773
1867,acetaminol1885@yandex.com,2020-07-27,Омск,1580081933-982673944
1871,billowy1911@protonmail.com,2020-08-13,Москва,535840285-1440818136
1873,invite1967@yahoo.com,2020-09-09,Санкт-Петербург,1091328885-1659184743
1876,wongsky1803@yandex.com,2020-05-01,Москва,1185284542-1753503596
1879,philepitta2003@yahoo.com,2020-09-13,Екатеринбург,1085550839-257806471
1882,caridean1933@outlook.com,2020-10-02,Москва,2005875875-266391241
1886,falcon1955@outlook.com,2020-11-14,Санкт-Петербург,1951071102-1542763255
1891,breaklist1882@outlook.com,2020-11-17,Москва,1951071102-1542763255
1895,bellman1976@yandex.com,2020-09-15,Москва,535925849-1621787861
1897,arulo1980@gmail.com,2020-02-07,Нижний Новгород,1085380614-1586321845
1901,crab2005@yahoo.com,2020-12-22,Москва,2061141599-1311593510
1906,allegiances2021@yandex.com,2020-12-22,Москва,2061141599-1311593510
1909,benefactory1945@protonmail.com,2020-09-16,Москва,1789567918-1839694719
1910,physiognomist1981@live.com,2020-10-02,Екатеринбург,1498603627-1376477971
1914,greengage1979@yandex.com,2020-07-06,Казань,888214990-954021396
1916,carlet1825@gmail.com,2020-08-23,Москва,1308267201-1352322214
1920,rudiment1972@live.com,2020-09-06,Казань,1387635710-767141360
1922,borneo1867@protonmail.com,2020-01-22,Москва,651278833-380507901
1926,anemone1915@live.com,2020-06-12,Нижний Новгород,1400268540-277881463
1931,sabed2022@yahoo.com,2020-06-12,Москва,1400268540-277881463
1934,chegre1824@outlook.com,2020-01-20,Москва,1971259915-1351017360
1937,englishmen1933@yahoo.com,2020-08-11,Ростов-на-Дону,370348858-564917747
1942,bouncer1971@live.com,2020-10-05,Санкт-Петербург,816671833-523442801
1946,bouto1951@gmail.com,2020-09-20,Санкт-Петербург,1765165076-682801188
1947,jug1891@protonmail.com,2020-09-07,Москва,132992793-1058417356
1948,unaltering1909@live.com,2020-04-25,Новосибирск,313751458-632394064
1952,aryballi1812@protonmail.com,2020-05-03,Москва,951856341-1221337651
1956,akita2020@yahoo.com,2020-09-19,Казань,1393408133-445409341
1961,anthropos2029@yandex.com,2020-10-10,Самара,1124215392-1717991926
1965,sensationistic2057@yahoo.com,2020-08-22,Санкт-Петербург,117848031-1053529808
1969,phrenetically1806@protonmail.com,2020-04-10,Санкт-Петербург,1396908757-512568964
1973,atman1841@live.com,2020-11-09,Москва,1602654088-1641280706
1976,bounder2055@yandex.com,2020-12-12,Ростов-на-Дону,100647866-1218502319
1980,calcinosis1920@protonmail.com,2020-05-23,Москва,838395171-1638258011
1982,longa2042@live.com,2020-08-18,Санкт-Петербург,961856438-1068887968
1985,paratrophy1946@outlook.com,2020-08-19,Москва,961856438-1068887968
1987,unties1952@live.com,2020-07-03,Нижний Новгород,1563155282-1308729847
1989,kickxia1917@protonmail.com,2020-09-22,Москва,276947474-28937860
1992,clonus1840@yahoo.com,2020-09-24,Ростов-на-Дону,1559358698-969252694
1998,acromegalies1981@outlook.com,2020-07-26,Новосибирск,1308545841-954320051
2004,ass1892@live.com,2020-07-16,Москва,1927952883-140159314
2004,condurango1806@protonmail.com,2020-01-14,Санкт-Петербург,1138983647-1257003725
2005,skellum1924@yahoo.com,2020-09-11,Казань,1889068044-1709125503
2009,demur1998@live.com,2020-09-14,Челябинск,1889068044-1709125503
2012,precogitation1993@gmail.com,2020-01-26,Санкт-Петербург,1858747532-854126190
2014,nonobstetrically1887@yahoo.com,2020-04-10,Санкт-Петербург,941972466-113915924
2018,jay1913@gmail.com,2020-02-10,Новосибирск,216352962-525753612
2022,inducing1959@outlook.com,2020-07-11,Екатеринбург,1858433912-354632737
2027,bygones1865@yahoo.com,2020-07-16,Ростов-на-Дону,1858433912-354632737
2032,bommer2036@live.com,2020-03-13,Екатеринбург,1386764576-565428987
2037,unalterable1941@yandex.com,2020-11-24,Санкт-Петербург,1946552090-339265990
2041,undistrustfulness1840@yandex.com,2020-10-16,Москва,1268355553-719743821
2043,enzym1967@live.com,2020-11-29,Екатеринбург,892873701-1793365099
2043,aboriginal1973@protonmail.com,2020-10-20,Нижний Новгород,1435620481-741116673
2046,clepsydra1859@outlook.com,2020-07-03,Москва,1827706962-274533086
2050,jujube1826@gmail.com,2020-07-07,Москва,1827706962-274533086
2054,triceratopses1930@protonmail.com,2020-04-01,Санкт-Петербург,1892736771-1152877140
2059,objectionably2039@outlook.com,2020-04-02,Санкт-Петербург,1892736771-1152877140
2059,polyphone2023@yahoo.com,2020-11-24,Казань,1855229774-902524447
2063,fores1853@protonmail.com,2020-03-02,Москва,2089751761-1197908053
2067,earwig2026@yahoo.com,2020-05-13,Москва,1081530229-1115776529
2071,encloud1849@outlook.com,2020-09-17,Санкт-Петербург,1704009569-1812478411
2074,nympholept1928@yahoo.com,2020-07-24,Санкт-Петербург,827374468-1300987622
2077,brimborion2067@yahoo.com,2020-06-29,Москва,176966655-1835952151
2079,transplace1890@yandex.com,2020-11-18,Москва,1890893297-268435962
2082,subcostae2021@yahoo.com,2020-11-22,Казань,1890893297-268435962
2087,caregiver1982@yandex.com,2020-11-08,Москва,765471755-1559261357
2090,eyetooth2010@live.com,2020-02-04,Санкт-Петербург,354325222-1806685611
2094,compress1812@protonmail.com,2020-02-05,Москва,354325222-1806685611
2099,zaffre1847@gmail.com,2020-02-05,Санкт-Петербург,354325222-1806685611
2103,symphoricarpos2014@yahoo.com,2020-07-27,Москва,1767754393-1328866659
2107,septenate1905@yandex.com,2020-05-24,Казань,1013465304-1089789164
2110,uranolatry1951@outlook.com,2020-06-13,Самара,275678992-618448231
2113,analyst1999@outlook.com,2020-10-31,Москва,2029006099-908738032
2116,smokers1989@yahoo.com,2020-07-22,Санкт-Петербург,1397408720-451732182
2118,spoonyism1921@protonmail.com,2021-01-01,Санкт-Петербург,1211630601-1647677756
2122,cheng2050@outlook.com,2020-07-20,Москва,986823123-1887695026
2127,arras1883@yahoo.com,2020-07-22,Самара,986823123-1887695026
2132,protegulum1865@outlook.com,2020-02-12,Казань,2038016620-642528317
2132,baht1943@yahoo.com,2020-06-20,Москва,1080348313-743433867
2136,belanda2020@live.com,2020-08-15,Москва,558687921-1943078247
2140,basnet1998@yandex.com,2020-04-22,Екатеринбург,1533060085-388505395
2142,nucleary1902@live.com,2020-04-01,Нижний Новгород,197561975-1326460069
2146,aggest2018@protonmail.com,2020-05-14,Санкт-Петербург,644931417-1471331447
2148,alten1981@live.com,2020-07-15,Санкт-Петербург,1958907160-782015129
2150,woofs2047@yahoo.com,2020-07-31,Ростов-на-Дону,354901342-1003249598
2154,hechsherim2031@yahoo.com,2020-08-05,Москва,354901342-1003249598
2155,alluring1891@live.com,2020-05-04,Москва,1505450042-1456570790
2160,clethra1838@yahoo.com,2020-12-21,Санкт-Петербург,1751188533-1510094251
2161,elaterist1960@protonmail.com,2020-01-30,Омск,177334236-1115056417
2165,alvine1867@protonmail.com,2021-01-17,Москва,673986285-1131248143
2166,transubstantiate1943@yandex.com,2020-04-05,Москва,862100536-547352266
2168,ennead1803@live.com,2020-04-06,Москва,862100536-547352266
2172,boilerman1942@gmail.com,2020-09-03,Москва,1629901368-1205487915
2175,uppercut2052@live.com,2020-02-29,Челябинск,333271036-689789297
2177,buffoonish1858@yandex.com,2020-06-11,Москва,1441148711-1532564118
2183,caved2027@yandex.com,2020-08-15,Москва,2003885323-1826563316
2184,tovarish2024@outlook.com,2020-12-25,Нижний Новгород,777465495-1643231108
2185,mule1948@live.com,2020-01-29,Москва,2058384004-982640853
2186,nongaseous2014@protonmail.com,2020-10-03,Санкт-Петербург,1102950059-439965092
2191,simplum1865@outlook.com,2020-11-17,Санкт-Петербург,1185382403-2011891929
2196,allida2034@yandex.com,2020-06-30,Новосибирск,779012130-486010010
2199,sardine1954@yandex.com,2020-08-30,Москва,46066194-1732801398
2200,prosobranch1854@yandex.com,2020-06-06,Санкт-Петербург,486297115-1366634642
2203,broch1813@outlook.com,2020-05-05,Омск,2094051531-1860604017
2206,aback2035@live.com,2020-10-24,Екатеринбург,551698930-822140828
2210,welcome2004@gmail.com,2020-05-19,Москва,1022798217-1604329694
2212,chaplin2065@live.com,2020-04-09,Москва,175363043-2090336567
2216,harpy1909@protonmail.com,2020-04-17,Москва,175363043-2090336567
2220,addicted2013@yandex.com,2020-04-02,Нижний Новгород,1642130337-1211836903
2222,cingulate1944@gmail.com,2020-02-03,Челябинск,403178496-1792932314
2224,elizabethan1859@gmail.com,2020-09-27,Омск,1655590821-1690677090
2228,imbonity1928@outlook.com,2020-07-04,Москва,1494443693-1470787638
2231,paellas2019@yahoo.com,2020-03-05,Москва,1649862012-446863917
2236,madiga2028@protonmail.com,2020-02-18,Москва,168237561-696777894
2242,coumara1908@outlook.com,2020-02-18,Санкт-Петербург,168237561-696777894
2242,pluguglies1873@outlook.com,2020-01-22,Самара,1936711653-639350311
2242,blackfeet1960@gmail.com,2020-08-29,Екатеринбург,331300343-1688813009
2248,comate1929@yahoo.com,2020-11-23,Москва,1144808067-1462018052
2255,redias1950@protonmail.com,2020-11-30,Новосибирск,1144808067-1462018052
2259,adminstration1815@gmail.com,2020-05-14,Санкт-Петербург,624987900-1331379949
2264,dives1831@yandex.com,2020-09-25,Москва,381335953-1289348091
2265,hare1998@yahoo.com,2020-09-12,Самара,389286808-1134608803
2268,coyan1918@yandex.com,2020-06-14,Москва,918472868-989375496
2269,dosanjh2024@outlook.com,2020-08-31,Москва,1899556071-2058786229
2272,assentatory1948@live.com,2020-09-05,Москва,1899556071-2058786229
2276,axled1972@yandex.com,2020-12-26,Санкт-Петербург,452782654-1555606544
2277,navite1856@live.com,2020-05-03,Санкт-Петербург,1475090829-713608727
2281,headwaiter2059@yandex.com,2020-09-02,Новосибирск,1031686675-1239499963
2283,videotape1981@yandex.com,2020-03-12,Екатеринбург,1467204130-236822589
2289,nincum1923@protonmail.com,2020-07-20,Омск,1358912987-422312743
2290,armour1969@gmail.com,2020-10-08,Омск,1040914841-555638217
2294,hayforks1801@protonmail.com,2020-11-09,Омск,1426708864-979634294
2296,sylvin1819@live.com,2020-05-19,Санкт-Петербург,1499944443-878550058
2300,cyrtidae1894@gmail.com,2020-08-21,Москва,416741760-1859733051
2301,letdown2046@protonmail.com,2020-08-03,Самара,309868948-1399290483
2305,alterant1839@live.com,2020-08-08,Казань,309868948-1399290483
2307,wingy1888@yandex.com,2020-05-31,Санкт-Петербург,906235051-218128289
2311,avgas1858@gmail.com,2020-06-07,Нижний Новгород,906235051-218128289
2315,banat2007@outlook.com,2020-11-21,Москва,58096403-1930610580
2315,pedicab1924@outlook.com,2020-04-17,Челябинск,1255886165-788832652
2319,persuasibly1927@live.com,2020-11-27,Москва,202974591-1913709992
2321,disgracer1821@protonmail.com,2020-01-28,Москва,1809939539-317441271
2324,damocles1866@gmail.com,2020-06-17,Санкт-Петербург,1243602264-1211958991
2326,penicilliform2012@outlook.com,2020-09-07,Новосибирск,1783046853-737774008
2327,lactim1848@live.com,2020-01-20,Санкт-Петербург,389980871-1664730770
2329,myelopathy2014@yahoo.com,2020-07-30,Санкт-Петербург,1364679096-891384568
2332,redias2032@outlook.com,2020-03-10,Москва,1918544728-436218501
2335,seaside1953@yandex.com,2020-02-19,Москва,500340083-1787059602
2339,acanth2047@yandex.com,2020-03-16,Москва,747541294-2037187504
2343,catgut1834@gmail.com,2020-08-11,Москва,1122321288-1615460531
2346,industrochemical1900@gmail.com,2020-04-24,Новосибирск,350878367-121914348
2349,hardline2042@yahoo.com,2020-05-29,Санкт-Петербург,79678332-1028218414
2350,hastings1939@yandex.com,2020-09-15,Челябинск,657412255-780370009
2355,poohing2036@yahoo.com,2020-03-02,Нижний Новгород,1518268455-1700064357
2358,dined1823@protonmail.com,2020-01-29,Новосибирск,1231503021-255342189
2363,cingulate1804@yahoo.com,2020-11-18,Ростов-на-Дону,2053252846-1620442435
2364,doina2023@outlook.com,2020-06-09,Москва,641012915-1328782474
2368,eulalia1917@outlook.com,2020-06-13,Санкт-Петербург,641012915-1328782474
2368,administrate1972@outlook.com,2020-11-27,Санкт-Петербург,166633172-1191270018
2373,lieve1942@gmail.com,2020-03-31,Казань,727037141-727028738
2379,galagos1966@yandex.com,2020-04-05,Москва,727037141-727028738
2381,comfort2042@yahoo.com,2020-05-01,Москва,1529819113-1381733613
2383,infectionist1867@yahoo.com,2020-06-07,Новосибирск,1892496994-1470894488
2385,pastilled1874@outlook.com,2020-03-28,Москва,1525059358-1804928539
2390,brennand1821@yandex.com,2020-01-20,Самара,1296541337-155728915
2396,bikini1917@yandex.com,2020-01-21,Новосибирск,1296541337-155728915
2401,keyless1908@yandex.com,2020-10-25,Самара,443297619-995600510
2403,standardbred1822@live.com,2020-01-24,Санкт-Петербург,936946633-1110864259
2408,cablet1981@live.com,2020-11-01,Москва,1843557084-451332356
2410,caxton1955@yandex.com,2020-06-01,Санкт-Петербург,1512426378-1807823395
2412,vomer1984@yandex.com,2020-12-28,Москва,564019254-618505275
2413,athletics1843@yandex.com,2020-02-09,Москва,1279605400-111168400
2415,oversowed1954@gmail.com,2020-11-11,Казань,1249760409-324522091
2418,doolittle1810@yandex.com,2021-01-06,Санкт-Петербург,24693185-1820979619
2423,hiddenmost1859@outlook.com,2020-08-25,Москва,1163119901-1505441031
2423,snakemouths2053@live.com,2020-02-12,Самара,379839946-182085912
2427,numbat1859@live.com,2020-05-04,Екатеринбург,478609623-871540582
2433,biochemical1998@outlook.com,2020-10-12,Москва,1270290442-656712549
2437,buffoonish1947@yandex.com,2020-08-14,Казань,652858487-479136437
2440,deaved2058@outlook.com,2020-03-27,Москва,1592817515-1950364861
2443,harpy1929@yahoo.com,2020-11-30,Омск,456990793-2098718864
2448,billows2049@outlook.com,2020-07-25,Новосибирск,472721028-1163438043
2452,apologies1981@yahoo.com,2020-12-01,Москва,1865617235-1918183770
2456,succursal2011@outlook.com,2020-03-23,Екатеринбург,1990001210-1120902356
2457,sawbucks1999@yandex.com,2020-01-16,Москва,1906976969-1842914773
2460,codeless1834@yandex.com,2020-03-10,Челябинск,175638872-1895880371
2463,navite1987@yahoo.com,2020-01-19,Нижний Новгород,1605988979-1335062340
2467,subgalea1925@yahoo.com,2020-01-26,Ростов-на-Дону,1605988979-1335062340
2468,addiction1959@yandex.com,2020-11-16,Москва,1425128798-754463885
2472,hygenics2010@live.com,2020-10-07,Москва,1284782346-2003742590
2473,nubigenous1943@gmail.com,2020-02-16,Санкт-Петербург,737178379-1334405410
2477,croquette1874@yandex.com,2020-04-03,Москва,1608814169-1519089115
2481,dayton1902@yandex.com,2020-10-14,Москва,1430549211-241308176
2485,decoupage2003@live.com,2020-11-22,Москва,51600516-209245962
2488,chlorozincate1945@protonmail.com,2020-02-14,Санкт-Петербург,2038591121-1358627948
2489,fireworkless1832@gmail.com,2020-07-20,Екатеринбург,1792968703-1152378274
2493,ceramics1856@yandex.com,2021-01-02,Москва,1426196967-1417152104
2497,elevator1843@yahoo.com,2020-05-30,Санкт-Петербург,1230382567-945949572
2501,symmetrically2061@protonmail.com,2020-03-21,Санкт-Петербург,716878523-1775244326
2505,wronghead1880@yandex.com,2020-05-04,Москва,1339329564-1254889627
2508,astral1847@protonmail.com,2020-06-11,Москва,1896249416-1703154895
2508,skere1907@yandex.com,2020-05-30,Москва,1189886314-481086945
2513,jarbird2017@outlook.com,2020-06-30,Новосибирск,1639429981-1964711849
2518,unsuperstitiousness1965@live.com,2020-04-26,Санкт-Петербург,401749832-111764319
2521,jovicentrical1926@protonmail.com,2020-11-04,Екатеринбург,2059748344-1794653546
2521,brooklyn1861@protonmail.com,2020-04-19,Екатеринбург,1507511814-867793972
2525,latipennate2013@yandex.com,2020-04-29,Нижний Новгород,1507511814-867793972
2525,dwale1901@outlook.com,2020-02-12,Москва,1539964975-1757954402
2527,angelate1948@gmail.com,2020-10-27,Новосибирск,1072689413-35383430
2530,camel1802@yandex.com,2020-10-03,Москва,331234370-1330830079
2535,akita1954@outlook.com,2020-04-22,Санкт-Петербург,94919579-1218540058
2541,glome1937@live.com,2020-04-22,Ростов-на-Дону,94919579-1218540058
2544,clients1907@yahoo.com,2020-12-24,Москва,1871237987-867316710
2548,rhinoplasty2022@gmail.com,2020-12-24,Москва,1871237987-867316710
2549,identify1884@yahoo.com,2020-12-01,Ростов-на-Дону,2025245504-1131615464
2552,dorelia1941@yandex.com,2020-01-09,Санкт-Петербург,516089069-1443269638
2556,algal1852@yahoo.com,2020-03-08,Ростов-на-Дону,533142379-1636742015
2556,leases1884@protonmail.com,2020-06-07,Москва,625135050-12727859
2558,tromometric2014@yandex.com,2020-04-04,Москва,1905583457-1786400780
2561,fermentitious2046@yandex.com,2020-09-12,Москва,365219201-1921289209
2563,abrasax1983@protonmail.com,2020-11-22,Москва,1811503652-1710266751
2568,irradiation1866@live.com,2020-07-12,Санкт-Петербург,507082225-1901787546
2574,cercle1954@gmail.com,2020-11-02,Москва,1746925665-663758312
2576,gieaway1967@live.com,2020-10-08,Казань,1762599839-151165939
2578,chieftain1822@yandex.com,2020-07-24,Челябинск,950573392-899363998
2582,pretranscription1988@yahoo.com,2020-08-01,Екатеринбург,950573392-899363998
2587,tastier1846@yahoo.com,2020-10-31,Москва,2124237892-1914911413
2589,bronze2034@yandex.com,2020-01-27,Казань,280221668-1130095261
2592,recalcitrating1869@yandex.com,2020-11-09,Москва,1178170379-2079073872
2596,afternight1911@protonmail.com,2020-07-25,Санкт-Петербург,1470727241-2113656441
2599,flounder1834@yandex.com,2020-10-31,Москва,1719392661-909076398
2603,fuligulinae1985@gmail.com,2020-10-31,Москва,1719392661-909076398
2609,huddlingly1867@yandex.com,2020-05-31,Москва,1339659689-1839312878
2611,dovelet1877@yahoo.com,2020-05-31,Москва,2058503550-1465827080
2611,theologer1843@gmail.com,2020-05-22,Челябинск,1483608826-1490772361
2615,giggled1983@gmail.com,2020-12-12,Омск,1141608423-507835496
2617,polyparies1840@live.com,2020-07-26,Казань,135064139-2094011788
2621,cuirassed2045@live.com,2020-08-15,Санкт-Петербург,1636556393-2061380353
2624,azoturias2036@protonmail.com,2020-03-22,Ростов-на-Дону,162365105-1104837495
2628,infectionist2052@gmail.com,2020-01-14,Санкт-Петербург,404625937-2119327246
2630,claimed1930@yandex.com,2020-12-09,Москва,1236360482-1497168450
2635,beagle1932@outlook.com,2020-12-20,Санкт-Петербург,1236360482-1497168450
2640,agnosia1886@protonmail.com,2020-09-17,Омск,614835839-1135166376
2646,adenine1998@live.com,2020-09-27,Москва,614835839-1135166376
2648,avgas1844@live.com,2020-06-04,Екатеринбург,1212136094-1693623431
2651,protologist1854@yandex.com,2020-08-02,Москва,467596476-1798327939
2655,swan1900@gmail.com,2020-08-28,Самара,655123470-1192693519
2660,marsupialia1987@outlook.com,2020-03-19,Челябинск,271206159-1012217832
2661,cooling1879@yahoo.com,2020-07-25,Омск,1988199105-991325147
2665,discoverer1822@yandex.com,2020-04-16,Москва,1161741721-560170406
2667,expansible1871@outlook.com,2020-03-28,Москва,843865815-15291855
2671,precollegiate1847@live.com,2020-08-29,Омск,563067901-167442883
2672,arsenium1959@live.com,2020-05-25,Нижний Новгород,990702076-2077433740
2672,pourer1981@outlook.com,2020-09-01,Нижний Новгород,2055394377-1921765511
2676,religionists1896@gmail.com,2020-03-19,Москва,809936933-395361782
2679,agnoite1932@yandex.com,2020-08-25,Москва,1019778752-1983051031
2683,daleth1940@live.com,2020-04-04,Москва,718348209-1898624593
2686,us1995@outlook.com,2020-02-03,Екатеринбург,247240064-1690847223
2691,oxides2004@yandex.com,2020-03-22,Москва,298731452-2119367095
2693,developed1987@yandex.com,2020-05-01,Москва,1631017199-36880215
2693,cattle1868@yahoo.com,2020-10-25,Москва,1500110810-88318410
2693,exhaustedness2018@protonmail.com,2020-11-16,Челябинск,2097132370-686181931
2696,anasa1961@gmail.com,2020-06-09,Санкт-Петербург,570715283-1318826172
2701,mastiff1956@yandex.com,2020-06-11,Москва,570715283-1318826172
2701,syncretion1844@gmail.com,2020-02-04,Санкт-Петербург,2045775807-722476261
2706,juliennes1855@live.com,2020-02-21,Нижний Новгород,2045775807-722476261
2706,segued1844@yahoo.com,2020-11-13,Новосибирск,1625695108-2029803602
2706,buffoonish1845@yandex.com,2020-11-12,Самара,2009695595-560094673
2706,eagle1991@outlook.com,2020-06-24,Москва,775144215-508423173
2709,ruttily1967@yahoo.com,2020-06-08,Москва,1714913044-1715081055
2713,celarent1990@protonmail.com,2020-06-12,Москва,1714913044-1715081055
2716,hypoergic1888@outlook.com,2020-10-14,Санкт-Петербург,1731746620-2108201650
2720,jophiel2039@yandex.com,2020-12-29,Москва,595823272-524814624
2726,creating2018@yahoo.com,2021-01-06,Челябинск,595823272-524814624
2730,bakers1878@yandex.com,2020-02-22,Самара,1516943221-1976406622
2731,batiks2020@yahoo.com,2020-02-13,Санкт-Петербург,1356430631-726919833
2735,catfight2028@outlook.com,2020-01-28,Москва,620158629-1715326457
2738,brags1932@protonmail.com,2020-09-17,Санкт-Петербург,1296986862-1461706702
2741,meteorology1861@gmail.com,2020-01-10,Москва,1565295712-759130689
2743,desecration1915@yahoo.com,2020-09-23,Самара,2087732696-1155311833
2748,equiperiodic1802@yahoo.com,2020-09-23,Москва,1435691223-1151451520
2750,bilayer2004@yandex.com,2020-12-09,Москва,1813213853-1757687932
2751,chroococcaceous2026@gmail.com,2020-10-02,Казань,1017847432-1216917670
2754,ovenful1840@gmail.com,2020-07-08,Москва,988376065-1668324108
2755,retying1873@live.com,2020-10-21,Санкт-Петербург,1577105453-1663992738
2758,dalt2044@gmail.com,2020-04-02,Москва,338761231-1812389052
2760,plasmid1966@outlook.com,2020-10-31,Москва,1616614210-1751824126
2765,devastating2020@outlook.com,2020-04-17,Москва,124116843-1488682758
2768,brigandine1813@protonmail.com,2020-12-22,Нижний Новгород,36237479-528529718
2773,kiwi1883@protonmail.com,2020-07-06,Санкт-Петербург,177055874-2018524278
2777,compassionless2009@outlook.com,2020-02-23,Москва,1606382045-668117933
2778,cradler1847@yandex.com,2020-08-25,Москва,1201836768-1245758273
2783,displeasingness1871@protonmail.com,2020-08-25,Москва,251635155-1496049573
2785,dassent2019@yahoo.com,2020-12-10,Екатеринбург,1596535271-166714464
2789,bumpy1911@yahoo.com,2020-01-19,Самара,1003400991-1031614827
2791,starship1984@live.com,2020-12-24,Москва,1938613466-169311243
2794,speculate1841@yahoo.com,2020-12-30,Санкт-Петербург,1511810125-1654842822
2798,arley2047@yahoo.com,2020-11-11,Москва,2067451250-1018904017
2802,spratted1921@yandex.com,2020-08-13,Екатеринбург,1862166197-27689755
2808,countenancing2048@gmail.com,2020-07-21,Новосибирск,1623144119-1544454149
2809,multibranchiate1860@yandex.com,2020-10-08,Нижний Новгород,1627815880-346457564
2815,arana2065@protonmail.com,2020-03-16,Санкт-Петербург,245233413-1459009031
2817,tuatera1961@gmail.com,2020-02-12,Москва,681555323-74583344
2820,woodcock1999@yahoo.com,2020-12-17,Санкт-Петербург,1046777005-26710892
2820,herring1959@gmail.com,2020-10-17,Казань,1810498268-1425687705
2821,donatistical1867@live.com,2020-07-16,Москва,749300941-1663305248
2824,dives1805@live.com,2020-10-09,Ростов-на-Дону,1486904948-938859156
2826,peculiarise1959@gmail.com,2020-08-17,Казань,977295227-275720652
2828,juking1959@live.com,2020-03-13,Новосибирск,1008355865-1780673636
2829,glomerate1955@protonmail.com,2020-07-14,Екатеринбург,1383054046-249738523
2832,midwifes1821@outlook.com,2020-04-20,Москва,1840998896-261242410
2833,lashorn1869@yandex.com,2020-07-17,Екатеринбург,1989241169-1838678545
2835,feels2026@protonmail.com,2020-12-13,Новосибирск,1330381216-2064743357
2839,tonic1836@protonmail.com,2020-04-07,Омск,1511819778-1827655825
2843,anamorphose2050@gmail.com,2020-06-29,Москва,1096562048-309196730
2849,conservatives2004@live.com,2020-07-05,Омск,1096562048-309196730
2852,pewit1949@yandex.com,2020-11-23,Москва,1441846071-1849809096
2854,scumble2027@live.com,2020-07-01,Новосибирск,235082662-833937546
2858,planted1827@protonmail.com,2020-07-09,Москва,235082662-833937546
2860,ablution1866@live.com,2020-08-19,Санкт-Петербург,1007035893-1891564878
2863,dweller2015@gmail.com,2020-07-19,Санкт-Петербург,1742039092-1720268447
2864,strongboxes1901@protonmail.com,2020-02-03,Москва,999189301-1271358846
2867,hamline1914@yandex.com,2020-02-08,Новосибирск,999189301-1271358846
2869,delage2004@yandex.com,2020-11-09,Санкт-Петербург,668579310-191426041
2871,subjicible1948@live.com,2020-11-09,Москва,416285042-1774303199
2875,boons1972@gmail.com,2020-09-09,Москва,125946202-1578532920
2879,milliard1853@outlook.com,2021-01-01,Ростов-на-Дону,884787596-2061553794
2884,animated1950@outlook.com,2021-01-06,Екатеринбург,884787596-2061553794
2889,riverish1889@yahoo.com,2021-01-06,Москва,372148396-483042822
2889,verbigeration1919@outlook.com,2020-08-28,Екатеринбург,893697749-759218069
2890,transact2009@live.com,2020-03-21,Санкт-Петербург,827136276-1192195529
2891,anticlassicalist2015@yahoo.com,2020-06-15,Омск,1189252027-1615141216
2894,unfavourably1930@yahoo.com,2020-11-01,Москва,364354807-28779904
2900,unpanged2044@yahoo.com,2020-02-02,Санкт-Петербург,1273997484-442271735
2904,misentreat1938@live.com,2020-07-04,Новосибирск,316851033-495384880
2908,trajects2004@live.com,2020-10-20,Москва,867638545-1611242259
2911,charlotte1878@live.com,2020-03-09,Санкт-Петербург,1513723487-1035858125
2913,schlock1893@protonmail.com,2020-12-26,Казань,662141943-1369590198
2914,vituperatory2051@outlook.com,2020-12-23,Москва,630409287-274675849
2914,sedatives1896@yahoo.com,2020-07-08,Москва,1271569681-700479543
2917,camden1942@gmail.com,2020-04-20,Ростов-на-Дону,919964266-1945574611
2920,drunks2050@yandex.com,2020-04-27,Москва,358087176-1488195035
2923,messor1891@outlook.com,2020-12-30,Москва,1925130464-2064293917
2924,buckman2030@yandex.com,2020-03-24,Санкт-Петербург,846882454-2045460576
2929,bickford1850@outlook.com,2020-10-10,Омск,1329821863-1060914722
2933,bijan1808@live.com,2020-04-21,Москва,428915025-988402856
2935,suum2028@yahoo.com,2020-09-04,Омск,1143033013-1580280223
2940,arriba1882@protonmail.com,2020-11-10,Екатеринбург,337507577-1207397151
2944,mousse1992@protonmail.com,2020-08-07,Новосибирск,1486305344-438125405
2946,focally1904@outlook.com,2020-11-25,Москва,853432984-1778142944
2951,fossa1830@gmail.com,2020-10-09,Москва,2086141180-1402663923
2952,buffoonish2054@live.com,2020-09-13,Новосибирск,1599210934-1144651600
2958,anesthetize1920@yandex.com,2020-03-14,Казань,1056093422-345922790
2963,bigwig2060@yandex.com,2020-08-21,Ростов-на-Дону,1362442587-820205057
2965,ambition2024@gmail.com,2020-07-18,Москва,1162276684-2018757746
2968,deceive1963@yandex.com,2020-08-03,Москва,529178882-641682052
2968,daceloninae1802@yandex.com,2020-05-07,Москва,281855402-1107710859
2972,primeval1823@yandex.com,2020-03-11,Москва,2117903719-237569466
2975,overshined1985@live.com,2020-08-26,Санкт-Петербург,1940763530-427351078
2979,aviation1838@gmail.com,2020-08-26,Челябинск,1940763530-427351078
2981,normality2010@gmail.com,2020-01-30,Москва,1229280575-825845469
2985,blackfeet1827@outlook.com,2020-01-21,Москва,2139155767-621018751
2988,emperors1850@gmail.com,2020-02-06,Москва,1834999787-1006694470
2991,anamorphose1832@live.com,2020-09-02,Москва,512417932-1949826777
2996,unsquirming2033@gmail.com,2020-09-14,Нижний Новгород,512417932-1949826777
2998,abdominal2070@protonmail.com,2020-04-24,Екатеринбург,1179811431-132063905
2999,calabrese1986@yahoo.com,2020-07-20,Санкт-Петербург,1563090148-336258822
3003,imprudential1953@live.com,2020-03-27,Самара,1399094014-264174941
3005,aural2003@protonmail.com,2020-08-22,Санкт-Петербург,599956235-1827879408
3008,craving1862@yahoo.com,2020-04-15,Москва,1476535335-1730182471
3013,garbs1803@gmail.com,2020-09-02,Москва,1966764960-1529340346
3016,steadiest1878@gmail.com,2020-09-12,Санкт-Петербург,375807159-1619584657
3016,deviated1885@outlook.com,2020-11-25,Москва,1302038173-2043560568
3018,decimate2066@live.com,2020-07-05,Санкт-Петербург,768745886-1486836727
3018,algonquians1924@gmail.com,2020-07-28,Ростов-на-Дону,373599124-637456390
3022,blowy1990@gmail.com,2020-03-15,Москва,2026456998-614037027
3026,woodcrafty1972@yahoo.com,2020-07-05,Санкт-Петербург,1283349766-1325687898
3029,sciomachiology1960@yandex.com,2020-11-10,Санкт-Петербург,1858175215-578477951
3033,audrie1874@yandex.com,2020-11-20,Москва,1172532769-558465148
3038,monastery2027@yahoo.com,2020-05-29,Москва,247858006-1402915377
3044,dependent1874@gmail.com,2020-06-03,Москва,247858006-1402915377
3050,rebukable2019@protonmail.com,2020-12-22,Екатеринбург,1702540049-742438745
3054,iridescent2010@outlook.com,2020-09-25,Ростов-на-Дону,40072211-1727397208
3057,abstracted1848@yandex.com,2020-04-13,Москва,698190495-1252865378
3059,caterina1959@outlook.com,2020-03-23,Москва,198035125-1087055393
3061,appliable1951@yandex.com,2020-08-22,Москва,501538308-1630093810
3066,myographs1994@yahoo.com,2020-01-10,Санкт-Петербург,863469923-1973365173
3069,cheetham1964@live.com,2020-10-29,Екатеринбург,602822305-773225660
3070,collodion1869@yahoo.com,2020-09-15,Новосибирск,224709850-14867021
3074,colloid1974@live.com,2020-09-25,Новосибирск,224709850-14867021
3078,beaver1833@yandex.com,2020-02-27,Ростов-на-Дону,36152485-543752872
3080,grasper1802@yahoo.com,2020-11-05,Москва,445135954-1363392506
3084,eladio1836@protonmail.com,2020-08-26,Новосибирск,1229002755-1906487487
3087,dairyman1885@live.com,2020-04-18,Новосибирск,173460143-1226645461
3089,defoliant1838@live.com,2020-05-24,Омск,2023404251-785490816
3092,rhoda1991@outlook.com,2020-03-19,Самара,1521819919-1854435149
3094,bloodhound1980@yandex.com,2020-09-19,Москва,1682961513-1562835391
3097,consolato1812@gmail.com,2020-06-04,Москва,931621926-1710081947
3101,deemphasize1851@outlook.com,2020-11-29,Москва,647196556-554003623
3101,batch1839@yahoo.com,2020-08-10,Омск,2021786061-819079595
3101,daaboul1823@gmail.com,2020-03-17,Москва,103298451-466233006
3105,tewing1986@protonmail.com,2020-03-20,Санкт-Петербург,996896419-1022407650
3109,cassat2058@yandex.com,2020-09-07,Москва,72290389-1002845461
3111,kloof1851@yandex.com,2020-06-07,Москва,1277635596-262394812
3116,enormously1869@protonmail.com,2020-06-21,Москва,1277635596-262394812
3119,daleth1950@yandex.com,2020-07-15,Санкт-Петербург,191000668-684602479
3124,coquitlam1862@outlook.com,2021-01-10,Москва,876642946-2025153561
3125,abridged1849@live.com,2020-07-18,Казань,817367844-160697484
